"","ADDRESS","METERID","ENERGY","Year","Month","Day_Month","Day_Year","Week_Day","Volume.m3.","Hours","Power.kW.","Flow.l.h.","Flow.T.ºC.","Return.T.ºC.","DHW.Flow.ºC.","SH.Flow.T.ºC.","SH.Ret.T.ºC.","Temperature","Wind.speed","Wind.direction","Irradiation.flux"
"341","Kummeli  15",10045,5665,2019,12,7,341,"SAT",7827.99,12710,29.1,1097,68.0925,43.83,59.7054166666667,44.3629166666667,36.3,3.21941128546528,5.55910738840278,224.468629782292,132.927492380583
"325","Kummeli  15",10045,5258,2019,11,21,325,"THU",7388.59,12326,25,1055,66.9129166666667,44.9645833333333,60.1004166666667,43.2091666666667,35.9508333333333,3.40923264982986,2.92151536550694,159.981033387847,286.978421680083
"95","Kummeli  15",10045,8381,2019,4,5,95,"FRI",2827.91,6805,23.2,791,68.68125,47.01625,60.14875,36.825,32.0833333333333,7.85670448035069,2.96275528515278,134.685765095694,4909.68259885942
"209","Kummeli  15",10045,2368,2019,7,28,209,"SUN",5095.98,9541,3.5,1299,60.0660869565217,55.7926086956522,57.5947826086957,26.4734782608696,38.5352173913044,24.3793912752174,2.39624646352899,139.362640248457,5406.9383913725
"329","Kummeli  15",10045,5354,2019,11,25,329,"MON",7504.14,12422,35.6,1271,69.91125,44.8841666666667,59.875,49.6075,39.7629166666667,-5.13699597514236,1.64283647639583,159.999671851042,741.85904558225
"327","Kummeli  15",10045,5306,2019,11,23,327,"SAT",7443.33,12374,33.9,1385,69.88,45.2558333333333,60.21875,50.165,40.26,-4.32728746477778,2.75216621708333,140.988901017708,613.353049066834
"246","Kummeli  15",10045,3256,2019,9,3,246,"TUE",5799.86,10429,4.7,810,63.87625,56.0854166666667,59.1025,26.0029166666667,38.6554166666667,14.6565867770833,2.46491597907292,255.543191345486,1497.05940616375
"128","Kummeli  15",10045,414,2019,5,8,128,"WED",3444.34,7597,22.2,770,67.9779166666667,46.4908333333333,59.17,38.1620833333333,33.59625,7.93583294856597,2.90681720238195,241.773035319323,6344.92172053308
"131","Kummeli  15",10045,486,2019,5,11,131,"SAT",3496.88,7669,17.4,688,68.3183333333333,46.1891666666667,59.6983333333333,37.4016666666667,33.0720833333333,9.37245014865278,2.97195694785069,209.232655007601,972.71917934725
"300","Kummeli  15",10045,4609,2019,10,27,300,"SUN",6797.35,11725,17,826,65.73375,46.2641666666667,59.4066666666667,41.1220833333333,35.5808333333333,7.44967810038194,5.65472816534722,232.98543609059,355.083237135917
"9","Kummeli  15",10045,6318,2019,1,9,9,"WED",628.22,4742,26.7,898,72.7741666666667,44.85,59.9225,50.51125,39.7283333333333,-4.8589870339375,1.79798345101736,210.902892586111,179.840023581417
"244","Kummeli  15",10045,3208,2019,9,1,244,"SUN",5769.74,10381,4.5,796,64.4791666666667,56.3258333333333,59.34375,26.0066666666667,38.415,18.8206128788194,1.84515927927431,174.295672021201,5152.72424776983
"159","Kummeli  15",10045,1158,2019,6,8,159,"SAT",3978.09,8341,3.9,1329,58.56,55.1895833333333,56.6483333333333,25.5833333333333,37.2691666666667,24.8765069132639,3.20162019612847,190.217267061111,7119.785380202
"328","Kummeli  15",10045,5330,2019,11,24,328,"SUN",7473.64,12398,36.6,1297,70.1808333333333,45.1870833333333,60.01,50.4625,40.4379166666667,-5.06641962734028,2.40411688241319,123.470821870868,635.914316036583
"363","Kummeli  15",10045,6243,2019,12,29,363,"SUN",8487.25,13238,31.5,1333,65.505,45.25125,59.6358333333333,47.8020833333333,38.03625,-2.48491775434375,4.14273308939236,238.413266970517,495.667080367751
"59","Kummeli  15",10045,7518,2019,2,28,59,"THU",1975.69,5942,32.9,1019,70.6625,42.6641666666667,57.9729166666667,45.4670833333333,37.1383333333333,1.17671112885764,4.84951178140278,236.814518706569,1405.49051427608
"14","Kummeli  15",10045,6438,2019,1,14,14,"MON",778.95,4862,27.1,973,70.5725,44.13,59.7554166666667,45.385,36.6920833333333,-0.676796420670138,2.63339269512847,222.922105369097,309.326002671917
"204","Kummeli  15",10045,2248,2019,7,23,204,"TUE",4986.92,9421,4.7,643,63.067,56.2005,58.6465,25.767,38.452,21.6296551212917,1.72317276500833,175.56545708595,5859.49457724067
"97","Kummeli  15",10045,8429,2019,4,7,97,"SUN",2866.67,6853,21.6,736,68.19375,45.3341666666667,59.0429166666667,38.28625,33.13,7.97871669018403,2.96571708972917,146.499819065972,4236.83821653558
"45","Kummeli  15",10045,7182,2019,2,14,45,"THU",1626.82,5606,19.2,652,70.9466666666667,44.5770833333333,59.885,46.3270833333333,37.59625,0.927269545305555,4.2961947636875,271.26677459618,1122.39890199325
"353","Kummeli  15",10045,5976,2019,12,19,353,"THU",8136.02,12998,20.7,1108,64.2520833333333,46.2745833333333,59.6975,36.7158333333333,30.8916666666667,1.65024778772917,5.78952711193056,274.736540579514,440.042527232833
"240","Kummeli  15",10045,3112,2019,8,28,240,"WED",5707.4,10285,5.9,965,63.6875,56.0516666666667,59.0445833333333,25.9625,38.3425,19.7121639133333,2.17559018761458,137.349832943056,5266.59642679125
"117","Kummeli  15",10045,150,2019,4,27,117,"SAT",3251.17,7333,10.8,775,64.47,52.0029166666667,59.00625,30.2479166666667,28.71,17.2944836253472,2.61161173984722,68.281480851059,5281.70471460183
"310","Kummeli  15",10045,4874,2019,11,6,310,"WED",7040.02,11966,31,1070,69.1645833333333,43.26375,59.2291666666667,44.6520833333333,36.6879166666667,0.218043167013889,4.18315513126042,77.8583163915278,541.659550084
"192","Kummeli  15",10045,1950,2019,7,11,192,"THU",4748.96,9133,5,821,61.9980952380952,56.5033333333333,58.7195238095238,24.8028571428571,38.032380952381,12.7860655970595,2.90818790909524,76.0053456491151,3799.38896091492
"311","Kummeli  15",10045,4898,2019,11,7,311,"THU",7064,11990,34.2,1040,70.10625,42.8708333333333,59.5916666666667,44.9158333333333,36.555,-0.444684235923611,4.20653067865625,96.6157822538889,444.619581319667
"189","Kummeli  15",10045,1878,2019,7,8,189,"MON",4689.94,9061,4.6,821,61.9513043478261,56.3152173913044,58.7082608695652,25.2469565217391,37.5408695652174,15.1172535010507,2.86495302348551,65.182307876384,7137.92126284117
"361","Kummeli  15",10045,6195,2019,12,27,361,"FRI",8418.63,13190,28.4,1483,64.2695833333333,46.5716666666667,59.9175,43.54875,35.8479166666667,-0.326800817572917,4.384291401875,97.1355110203645,243.53116481375
"245","Kummeli  15",10045,3232,2019,9,2,245,"MON",5784.27,10405,10.5,1078,63.88875,56.2520833333333,59.1970833333333,26.0620833333333,38.3683333333333,18.6547124327431,3.07069627777431,195.972578579514,4942.77302914117
"85","Kummeli  15",10045,8142,2019,3,26,85,"TUE",2614.35,6566,32.2,1061,70.5808333333333,45.0204166666667,59.6391666666667,46.3741666666667,38.22125,-0.121899891434027,4.27702562300347,253.276814117771,4441.02642694825
"72","Kummeli  15",10045,7830,2019,3,13,72,"WED",2309.32,6254,33.2,1102,72.3195833333333,44.5841666666667,60.1933333333333,46.77625,38.1270833333333,-1.41451654342708,2.77113105015278,180.189978812847,2715.83650614242
"276","Kummeli  15",10045,4008,2019,10,3,276,"THU",6268.42,11149,19.9,633,68.0854166666667,44.2004166666667,58.5433333333333,41.1720833333333,35.72375,6.86541809870833,2.44108938612847,98.4598105679896,668.946737008667
"6","Kummeli  15",10045,5428,2019,1,6,6,"SUN",537.51,4670,36.3,1044,75.5008333333333,46.775,60.6858333333333,55.4066666666667,43.0170833333333,-7.17919321882986,2.09674695323264,227.244205526667,223.034143858667
"167","Kummeli  15",10045,1350,2019,6,16,167,"SUN",4227.2,8533,4.3,1506,59.4616666666667,56.1825,57.585,25.8191666666667,38.1604166666667,20.0849019440625,1.85365875827083,273.078761494618,8421.52789921142
"10","Kummeli  15",10045,6342,2019,1,10,10,"THU",659.06,4766,26.6,840,71.865,44.4379166666667,59.6925,49.65875,39.2845833333333,-5.2409972051875,1.52258521915625,214.467956402708,149.431020637833
"202","Kummeli  15",10045,2200,2019,7,21,202,"SUN",4946.84,9373,5.9,881,62.4234782608696,56.3791304347826,58.8547826086957,25.5117391304348,37.9139130434783,21.4471602022464,1.91001853342391,166.726033373478,7264.218736765
"217","Kummeli  15",10045,2528,2019,8,5,217,"MON",5263.88,9733,5.3,753,62.4175,56.545,58.9825,24.8220833333333,38.1725,13.7707518401528,3.68113171565625,295.29452675,6625.95231304125
"154","Kummeli  15",10045,1038,2019,6,3,154,"MON",3879.24,8221,16.4,731,65.5075,51.1341666666667,59.45,31.5370833333333,29.4883333333333,14.3453595287465,2.15145677111806,243.552177917201,8127.76657397425
"137","Kummeli  15",10045,630,2019,5,17,137,"FRI",3601.74,7813,16.1,781,66.04875,49.9641666666667,59.3008333333333,33.3525,30.6504166666667,15.0102917245347,3.16201661738195,92.2340249076735,7768.15425287158
"37","Kummeli  15",10045,6990,2019,2,6,37,"WED",1416.04,5414,21.3,731,72.2854166666667,44.9958333333333,59.9229166666667,49.4029166666667,39.2170833333333,-3.04511773251736,3.33745778219444,250.534859508681,338.778920209583
"81","Kummeli  15",10045,8046,2019,3,22,81,"FRI",2521.13,6470,23.7,796,69.0758333333333,43.7558333333333,59.28375,42.9391666666667,35.6429166666667,3.42899884348958,4.84740919077083,311.581228268055,4217.28285826892
"312","Kummeli  15",10045,4922,2019,11,8,312,"FRI",7087.34,12014,30.1,965,68.33625,43.8691666666667,59.9633333333333,45.3516666666667,37.01875,2.92412181892708,1.66474588852778,141.951936718195,542.20751489125
"227","Kummeli  15",10045,2800,2019,8,15,227,"THU",5464.1,9973,5,705,62.8930434782609,56.8426086956522,59.3639130434783,25.0208695652174,38.2921739130435,14.7419363133333,3.56263862422101,259.794745919203,5119.11264474842
"26","Kummeli  15",10045,6726,2019,1,26,26,"SAT",1116.96,5150,34.4,753,81.1141666666667,44.8895833333333,60.1883333333333,53.295,41.2433333333333,-10.4578626092639,2.21699844087153,168.134768338715,816.315626822166
"355","Kummeli  15",10045,6024,2019,12,21,355,"SAT",8197.99,13046,35.1,1647,64.45875,46.26375,59.6358333333333,48.2420833333333,39.05,1.86390952889583,2.80289862854861,143.377887207813,186.282203726
"253","Kummeli  15",10045,3424,2019,9,10,253,"TUE",5899.84,10597,4.9,525,65.3845833333333,56.5683333333333,59.8216666666667,25.8533333333333,38.07,19.8082796588542,3.28515272366667,138.090446784375,3770.31726395867
"3","Kummeli  15",10045,4163,2019,1,3,3,"THU",442.94,4598,25.8,804,72.1908333333333,45.97625,60.5241666666667,52.2958333333333,41.0983333333333,-4.68742535849653,5.53922948515625,30.2122854461354,256.470490808333
"334","Kummeli  15",10045,5497,2019,11,30,334,"SAT",7633.71,12542,26.7,956,70.1541666666667,43.14625,59.7741666666667,45.4379166666667,36.7429166666667,-1.72291798538194,3.82209158657986,294.713135064236,629.7103329895
"65","Kummeli  15",10045,7662,2019,3,6,65,"WED",2130.11,6086,37.8,1136,74.6333333333333,44.7475,59.7491666666667,50.84125,40.4175,-6.13927351373611,2.84927726294444,265.989394582184,3119.76440386342
"28","Kummeli  15",10045,6774,2019,1,28,28,"MON",1169.45,5198,41.1,838,81.7929166666667,45.23125,60.3075,54.7433333333333,41.9341666666667,-10.2280321271111,5.31282040600347,121.662086797118,513.362080882667
"80","Kummeli  15",10045,8022,2019,3,21,80,"THU",2497.68,6446,30.4,988,69.4568181818182,43.5972727272727,59.3454545454545,42.8018181818182,35.4013636363636,4.01499580814394,4.78078698228409,267.879224206061,2150.78271987833
"156","Kummeli  15",10045,1086,2019,6,5,156,"WED",3909.94,8269,4.5,1114,61.8725,54.8929166666667,57.6616666666667,25.0508333333333,37.2516666666667,23.825105765382,2.13224803115972,192.124726534167,7929.71078457583
"158","Kummeli  15",10045,1134,2019,6,7,158,"FRI",3952.13,8317,5,1271,60.9658333333333,56.4408333333333,58.2875,25.4595833333333,37.5879166666667,24.5859561671875,2.54434383952083,142.289833212708,7757.62580121292
"314","Kummeli  15",10045,4970,2019,11,10,314,"SUN",7135.9,12062,25.7,927,67.3933333333333,43.55125,59.24625,40.1641666666667,33.9070833333333,8.63495156860764,3.28825504465625,205.395154827083,480.272813171083
"172","Kummeli  15",10045,1470,2019,6,21,172,"FRI",4363.53,8653,4.7,1132,60.3808333333333,55.8233333333333,57.7258333333333,26.3029166666667,37.8283333333333,22.9561289629167,3.16911135899305,239.025820928486,6779.2559702425
"111","Kummeli  15",10045,6,2019,4,21,111,"SUN",3153.49,7189,21,830,67.8875,47.4770833333333,59.32375,37.00625,32.9570833333333,8.67720414237153,3.35342971630556,103.290402250625,6078.37507807441
"178","Kummeli  15",10045,1614,2019,6,27,178,"THU",4482.38,8797,4.8,676,62.6421739130435,56.2404347826087,58.83,26.3621739130435,38.1791304347826,13.9143017574638,3.37009842957246,217.957513244598,1497.259217646
"17","Kummeli  15",10045,6510,2019,1,17,17,"THU",863.47,4934,26,785,71.8108333333333,44.0225,60.09,46.43125,37.2408333333333,-0.10011892060764,6.37374888261458,241.014653737153,321.088504524917
"44","Kummeli  15",10045,7158,2019,2,13,44,"WED",1601.05,5582,20.4,680,71.6416666666667,44.2454166666667,59.7741666666667,46.8283333333333,37.78875,-2.16732146820486,3.15293126232986,237.87745651875,879.195343606833
"298","Kummeli  15",10045,4561,2019,10,25,298,"FRI",6753.63,11677,19.8,1065,64.7883333333333,46.6683333333333,58.9891666666667,39.5470833333333,34.625,9.69421696223263,3.88355539832986,204.071396111806,1386.978379357
"214","Kummeli  15",10045,2456,2019,8,2,214,"FRI",5204.09,9661,4.7,808,62.34625,56.8275,59.1308333333333,25.6345833333333,38.6608333333333,14.3496013682986,2.32945337813889,161.267246487049,3711.62177100508
"34","Kummeli  15",10045,6918,2019,2,3,34,"SUN",1333.55,5342,7.7,521,70.8533333333333,45.9195833333333,60.4708333333333,46.165,37.4779166666667,1.22337877141319,3.62086267886806,173.014906124028,245.740682462
"201","Kummeli  15",10045,2176,2019,7,20,201,"SAT",4927.54,9349,4.7,746,62.5434782608696,56.6434782608696,59.0417391304348,25.3508695652174,37.9069565217391,18.9749705322101,3.03379732044565,225.186749998504,6229.50963240792
"2","Kummeli  15",10045,3669,2019,1,2,2,"WED",416.72,4574,12.3,590,71.0804166666667,44.9825,59.73,46.5175,37.59875,-0.636422895614583,4.58658017545139,97.1505248363299,249.572169567167
"82","Kummeli  15",10045,8070,2019,3,23,82,"SAT",2544.57,6494,27.9,860,70.3383333333333,43.3141666666667,59.3170833333333,43.4125,35.7941666666667,3.63710205631597,4.62092549859375,245.541208946528,2127.83461163742
"15","Kummeli  15",10045,6462,2019,1,15,15,"TUE",804.52,4886,23,800,71.8816666666667,44.8325,58.8304166666667,50.3316666666667,39.7858333333333,-5.43175830701736,3.06740298690625,270.858682709028,374.645481422083
"323","Kummeli  15",10045,5210,2019,11,19,323,"TUE",7338.58,12278,21.6,967,66.0791666666667,44.8804166666667,59.4908333333333,41.2575,34.8454166666667,5.25685473045486,2.61720508859028,165.293531667014,202.656165099833
"203","Kummeli  15",10045,2224,2019,7,22,203,"MON",4966.36,9397,4.8,753,61.6921739130435,55.9721739130435,58.2460869565217,25.654347826087,37.7534782608696,18.9002346018478,2.25974728959058,190.418399488261,4223.57339303808
"190","Kummeli  15",10045,1902,2019,7,9,190,"TUE",4709.33,9085,13.3,1076,61.9145833333333,56.00375,58.4804166666667,24.9475,37.8675,13.4435051525347,4.02202937723264,100.238346040694,3969.64025200442
"52","Kummeli  15",10045,7350,2019,2,21,52,"THU",1805.57,5774,39.5,1335,72.54875,45.1679166666667,59.7245833333333,52.105,41.1175,-5.76037013557292,4.71851653179861,191.318962644625,2253.87828955817
"362","Kummeli  15",10045,6219,2019,12,28,362,"SAT",8453.09,13214,29.5,1524,64.2041666666667,45.9870833333333,59.8970833333333,42.7320833333333,34.8929166666667,-1.94213215164236,4.18881385222222,32.9648291835868,222.748624918667
"232","Kummeli  15",10045,2920,2019,8,20,232,"TUE",5561.9,10093,4.9,685,62.3934782608696,56.5221739130435,58.9408695652174,25.695652173913,38.3360869565217,17.768745133913,3.14461105803623,250.557591394928,5100.49347027392
"170","Kummeli  15",10045,1422,2019,6,19,170,"WED",4319.96,8605,4.9,729,62.09625,56.13375,58.5591666666667,26.11875,37.9095833333333,20.5872898583681,2.10289028111806,247.76779936934,7489.02852214842
"260","Kummeli  15",10045,3592,2019,9,17,260,"TUE",6001.93,10765,20.3,787,66.5858333333333,45.27,59.7283333333333,38.5679166666667,33.4191666666667,8.7333435799618,2.68274981542014,269.25378852451,2663.85200447458
"64","Kummeli  15",10045,7638,2019,3,5,64,"TUE",2104.61,6062,30.5,1001,71.21875,44.00375,59.67375,46.3645833333333,37.5333333333333,0.36174304759375,5.17240966353125,142.631917644503,987.720540224416
"220","Kummeli  15",10045,2632,2019,8,8,220,"THU",5325.1,9805,4.9,817,62.475652173913,56.8382608695652,59.1504347826087,25.0669565217391,38.5595652173913,16.3080422799275,1.84564206847464,180.508797013047,4426.38084527475
"186","Kummeli  15",10045,1806,2019,7,5,186,"FRI",4631.88,8989,4.7,736,61.7220833333333,56.4404166666667,58.5870833333333,25.6158333333333,37.8258333333333,11.4392407826042,3.5676235563368,209.317446783181,4012.05355646125
"140","Kummeli  15",10045,702,2019,5,20,140,"MON",3650.78,7885,6,937,63.1795833333333,53.5845833333333,58.4545833333333,28.6045833333333,27.8379166666667,21.3097457490278,2.63052164420833,158.589138351632,6960.50058115533
"336","Kummeli  15",10045,5545,2019,12,2,336,"MON",7684.33,12590,31.6,1003,68.6379166666667,43.42375,59.3345833333333,45.38,36.7058333333333,-1.71191190630903,3.40062953074653,254.537295826042,361.291896045083
"237","Kummeli  15",10045,3040,2019,8,25,237,"SUN",5659.76,10213,5,678,63.31625,56.425,59.1395833333333,25.55625,38.14375,17.2769842974306,1.62151706086806,252.213785592604,5430.95617274358
"114","Kummeli  15",10045,78,2019,4,24,114,"WED",3204.53,7261,12.1,584,66.315,50.195,59.4920833333333,31.295,28.945,16.2515687701736,2.55282816850347,141.688520297257,5837.32600400884
"249","Kummeli  15",10045,3328,2019,9,6,249,"FRI",5843.4,10501,4.8,519,65.3541666666667,56.5404166666667,59.8770833333333,25.8220833333333,38.1208333333333,15.3596218822917,3.999787748625,243.495800945139,3605.1605891995
"30","Kummeli  15",10045,6822,2019,1,30,30,"WED",1220.88,5246,23.3,753,71.7375,43.8158333333333,59.63,48.0333333333333,37.90625,-0.104082367128473,3.7596034653125,222.784152867708,508.2475229055
"94","Kummeli  15",10045,8357,2019,4,4,94,"THU",2808.95,6781,23.8,806,68.8054166666667,45.90625,59.8233333333333,37.3004166666667,32.2958333333333,7.73436896640972,2.58459843787153,170.866598389236,4964.91482222292
"326","Kummeli  15",10045,5282,2019,11,22,326,"FRI",7414.54,12350,27.7,993,68.6125,44.7533333333333,59.8704166666667,47.3179166666667,38.4729166666667,-1.71666159969444,2.83186204801042,160.176093408333,570.821428375
"136","Kummeli  15",10045,606,2019,5,16,136,"THU",3584.17,7789,16.2,715,66.2808333333333,49.0325,59.515,34.0004166666667,30.79375,12.4835015531354,3.18925176465278,69.1143433416667,7817.00644844325
"53","Kummeli  15",10045,7374,2019,2,22,53,"FRI",1835.67,5798,28.3,902,75.6241666666667,44.7629166666667,60.8645833333333,50.1429166666667,39.8079166666667,-6.05667987505208,3.50889237880556,186.166859976802,2319.00026479233
"38","Kummeli  15",10045,7014,2019,2,7,38,"THU",1445.12,5438,18.8,530,75.3583333333333,45.5041666666667,59.98875,50.3083333333333,40.0595833333333,-3.48324722240972,3.47762160602778,207.219355577431,458.043776591916
"338","Kummeli  15",10045,5593,2019,12,4,338,"WED",7746.15,12638,33.1,1254,68.1341666666667,43.3783333333333,58.81625,42.7845833333333,34.9583333333333,2.56974243642014,5.60956508066667,264.101297434375,146.085521127333
"22","Kummeli  15",10045,6630,2019,1,22,22,"TUE",1002.01,5054,38.6,756,89.5366666666667,49.1775,60.0670833333333,62.94625,47.085,-16.156036624375,1.605754562,213.429872807781,1129.10118387867
"272","Kummeli  15",10045,3912,2019,9,29,272,"SUN",6212.45,11053,16.8,480,70.7904761904762,43.9195238095238,59.0742857142857,37.9490476190476,33.5395238095238,11.0563071363889,2.61983423904762,201.867995521032,965.034743210167
"211","Kummeli  15",10045,2416,2019,7,30,211,"TUE",5146.41,9589,4.8,697,63.1554166666667,57.4404166666667,59.76875,26.4391666666667,38.8583333333333,12.6091375163611,2.40990990040278,135.125870794979,2622.93952910167
"87","Kummeli  15",10045,8190,2019,3,28,87,"THU",2663.16,6614,29.7,995,70.6316666666667,45.1404166666667,60.77,42.5158333333333,35.5966666666667,4.44119830990972,4.52211488219097,270.849459742014,3769.48824296333
"110","Kummeli  15",10045,8741,2019,4,20,110,"SAT",3136.86,7165,16.8,699,67.5625,47.6925,60.0604166666667,35.47625,31.7729166666667,9.81015979394445,3.18221654184722,75.0962900765486,6164.38671382925
"208","Kummeli  15",10045,2344,2019,7,27,208,"SAT",5071.18,9517,4.5,698,60.7217391304348,56.1913043478261,58.115652173913,26.2686956521739,38.6269565217391,25.2575634279348,3.33273755671014,66.6574786440217,7107.65204116208
"76","Kummeli  15",10045,7926,2019,3,17,76,"SUN",2402.11,6350,27.6,939,69.3591666666667,43.1645833333333,58.125,44.0941666666667,36.3483333333333,2.10310080945139,3.45925847682292,206.139497397917,1351.0847088495
"264","Kummeli  15",10045,3720,2019,9,21,264,"SAT",6079.09,10861,21.9,751,67.9479166666667,45.0233333333333,59.5283333333333,39.4291666666667,34.3325,8.81029569142708,3.10406752969792,267.139662686462,1508.99238776983
"99","Kummeli  15",10045,8477,2019,4,9,99,"TUE",2906.03,6901,24.3,885,70.2295833333333,43.96625,60.1383333333333,40.1566666666667,33.8925,1.43281657276389,3.92018766600694,233.837961205208,1183.54678555283
"348","Kummeli  15",10045,5856,2019,12,14,348,"SAT",8011.15,12878,30.9,1027,69.0382608695652,43.8982608695652,59.8026086956522,45.6430434782609,37.2330434782609,1.54725926559058,2.88482752301812,158.397860955435,120.2863219795
"318","Kummeli  15",10045,5090,2019,11,14,318,"THU",7226.12,12158,22.7,915,67.3558333333333,44.5691666666667,59.7875,40.3579166666667,34.4308333333333,9.43757734818403,3.819632521875,210.734410563542,319.288196506167
"207","Kummeli  15",10045,2320,2019,7,26,207,"FRI",5048.79,9493,4.6,781,61.3847826086957,56.3030434782609,58.385652173913,26.0539130434783,37.9660869565217,21.166496011087,2.83932444791667,66.7179548208696,4663.43440029783
"197","Kummeli  15",10045,2080,2019,7,16,197,"TUE",4850.67,9253,10.6,1033,62.52625,56.3554166666667,58.8983333333333,25.0304166666667,37.9058333333333,15.7987487637153,2.4106043664375,176.016620750472,3997.524886451
"235","Kummeli  15",10045,2992,2019,8,23,235,"FRI",5619.73,10165,4.8,874,62.2858333333333,56.8333333333333,59.1408333333333,25.4591666666667,38.5483333333333,17.3862190869792,4.30962575157292,233.524726429861,3674.76550182433
"342","Kummeli  15",10045,5689,2019,12,8,342,"SUN",7854.42,12734,31.4,1063,69.3133333333333,43.79625,59.2241666666667,45.1475,37.045,2.95514140137847,6.50263603194097,244.673215174653,402.46627935725
"247","Kummeli  15",10045,3280,2019,9,4,247,"WED",5815.22,10453,5,579,64.7775,56.6425,59.7475,25.7354166666667,38.6575,15.312855756566,3.38480092224653,224.580015379514,3972.82411262183
"210","Kummeli  15",10045,2392,2019,7,29,210,"MON",5122.14,9565,2.6,1359,60.9121739130435,56.4608695652174,58.3352173913043,26.4813043478261,38.36,15.6275764982971,3.36842074581884,100.523012474203,7060.1915343845
"20","Kummeli  15",10045,6582,2019,1,20,20,"SUN",944.75,5006,20.4,744,72.46875,43.91375,59.7333333333333,48.4508333333333,37.95625,-4.31746884076042,5.1571444531007,287.949074155556,558.422550915083
"68","Kummeli  15",10045,7734,2019,3,9,68,"SAT",2204.81,6158,31.8,1100,69.8291666666667,44.18625,60.5233333333333,44.3895833333333,36.2716666666667,1.71439476209028,6.46001024054861,245.30819444618,2171.48697527225
"187","Kummeli  15",10045,1830,2019,7,6,187,"SAT",4651.3,9013,4.6,817,62.24125,56.55625,58.81875,25.33125,37.7829166666667,10.7917121783958,2.84266993454861,285.488992609722,2125.21639083892
"57","Kummeli  15",10045,7470,2019,2,26,57,"TUE",1931.76,5894,25.4,766,71.9433333333333,42.4479166666667,58.90875,43.84375,35.78375,0.856501534833333,3.53109536934722,288.233256382097,1289.06297805983
"92","Kummeli  15",10045,8309,2019,4,2,92,"TUE",2768.61,6733,31,965,69.09375,44.6079166666667,59.1854166666667,40.115,34.0629166666667,3.38317975175,2.5878922670243,237.118763529167,4884.70745603033
"169","Kummeli  15",10045,1398,2019,6,18,169,"TUE",4291.78,8581,5.9,1507,60.775,56.6941666666667,58.4220833333333,25.9895833333333,38.1370833333333,18.5385864388542,4.39062707532292,271.475222689583,8487.62175330208
"141","Kummeli  15",10045,726,2019,5,21,141,"TUE",3667.36,7909,6.7,909,63.0291666666667,54.2554166666667,58.71625,27.9941666666667,27.2945833333333,20.36159167625,2.93832149448958,112.974451421736,4798.5441706435
"43","Kummeli  15",10045,7134,2019,2,12,43,"TUE",1576.36,5558,12.4,592,70.5204166666667,45.02875,59.61125,44.6104166666667,36.5358333333333,-1.20683115973611,3.5247680908125,285.072534275347,751.657396934749
"67","Kummeli  15",10045,7710,2019,3,8,67,"FRI",2181.69,6134,28.9,1004,68.1616666666667,43.3666666666667,58.7829166666667,41.3704166666667,34.4495833333333,5.48242948546528,5.07352044234722,221.097193110417,2231.8199387105
"7","Kummeli  15",10045,5771,2019,1,7,7,"MON",570.21,4694,26.3,761,74.6541666666667,45.455,61.0133333333333,52.4116666666667,40.73125,-4.56207497928819,4.24856949708333,248.824270809028,205.303942317667
"356","Kummeli  15",10045,6048,2019,12,22,356,"SUN",8237.44,13070,32.6,1712,64.06375,46.8479166666667,59.3295833333333,48.8058333333333,40.0491666666667,4.77941417351042,1.84846612635417,151.368102900104,168.479536972833
"147","Kummeli  15",10045,870,2019,5,27,147,"MON",3764.31,8053,14.2,744,65.8733333333333,49.6291666666667,59.97125,36.6925,33.4554166666667,11.1867314346042,3.71016873269444,244.412971130555,3351.71498760508
"301","Kummeli  15",10045,4633,2019,10,28,301,"MON",6821.31,11750,41.6,1734,67.3758333333333,46.3083333333333,59.7045833333333,45.6433333333333,38.8920833333333,2.95807463066667,2.27473652291319,244.374898877417,1699.26790077492
"266","Kummeli  15",10045,3768,2019,9,23,266,"MON",6115.2,10909,41.9,1461,70.72375,44.0720833333333,58.6370833333333,42.71625,36.6045833333333,4.36997107189236,2.48397530680208,290.110062730396,2621.64048440233
"129","Kummeli  15",10045,438,2019,5,9,129,"THU",3462.52,7621,22.5,870,66.8470833333333,48.5454166666667,59.2129166666667,35.54,31.9316666666667,11.5168573363507,4.43462786013542,98.1525534988195,7193.11022377384
"349","Kummeli  15",10045,5880,2019,12,15,349,"SUN",8037.3,12902,29.1,1005,67.9666666666667,44.0125,59.2095833333333,45.3783333333333,37.1883333333333,1.38047894796528,2.77455218601389,166.427771192361,109.170835777
"296","Kummeli  15",10045,4513,2019,10,23,296,"WED",6711.37,11629,27.1,1110,65.3170833333333,46.28125,58.8416666666667,38.4008333333333,33.7833333333333,10.7568491491736,4.49386826255556,268.160980372222,494.961197137917
"88","Kummeli  15",10045,8214,2019,3,29,88,"FRI",2685.07,6638,28.1,883,69.1908333333333,44.5775,60.0733333333333,40.98875,34.4791666666667,5.9522218406875,5.77553210866319,267.686917605556,3270.86486894258
"51","Kummeli  15",10045,7326,2019,2,20,51,"WED",1778.1,5750,30.6,1042,70.2691666666667,43.97625,58.9645833333333,47.18375,38.1866666666667,-0.0420369050763889,5.38282389781597,282.534473837847,514.2440656815
"109","Kummeli  15",10045,8717,2019,4,19,109,"FRI",3117.84,7141,23.2,928,67.7695833333333,47.91875,60.1545833333333,37.57625,33.0570833333333,11.1150761437847,2.15074555124306,191.73285905874,5535.5598365485
"104","Kummeli  15",10045,8597,2019,4,14,104,"SUN",3016.48,7021,28.5,969,69.2758333333333,44.7420833333333,59.3979166666667,42.5258333333333,35.62875,3.76813623070486,4.03594841331944,38.1229043622569,5534.57277967433
"354","Kummeli  15",10045,6000,2019,12,20,354,"FRI",8163.74,13022,23.7,1237,64.2920833333333,46.7304166666667,59.89375,40.8666666666667,33.4891666666667,1.24729567027778,2.99823552109028,156.668488960069,313.4964653185
"5","Kummeli  15",10045,5060,2019,1,5,5,"SAT",505.68,4646,17.2,615,72.4933333333333,45.4258333333333,59.89625,51.5216666666667,40.2195833333333,-6.66304567736806,3.25462212240972,39.1073363343507,254.436599168583
"225","Kummeli  15",10045,2752,2019,8,13,225,"TUE",5426.15,9925,5,811,62.5958333333333,56.3720833333333,58.8120833333333,25.49375,38.48875,17.0032820321875,1.49702657376042,228.702312340132,3225.57196936892
"303","Kummeli  15",10045,4706,2019,10,30,303,"WED",6870.87,11798,34.3,1353,70.4345833333333,45.9279166666667,59.3895833333333,50.5691666666667,41.5445833333333,-1.78031688061806,2.7737493048125,277.624152329771,1439.58765633208
"299","Kummeli  15",10045,4585,2019,10,26,299,"SAT",6776.03,11701,24.1,1215,64.85875,46.5975,59.0529166666667,38.8816666666667,34.0829166666667,10.8293941078472,6.57038020567361,255.743779697222,471.232174782083
"346","Kummeli  15",10045,5808,2019,12,12,346,"THU",7958.98,12830,35.7,1164,71.1720833333333,44.2216666666667,60.31,47.9345833333333,38.63,-0.254890932569444,3.66516322043056,180.888775256597,364.507096488917
"238","Kummeli  15",10045,3064,2019,8,26,238,"MON",5677.77,10237,9.6,666,65.3183333333333,56.3441666666667,59.7766666666667,25.84875,38.84875,19.8059788345833,3.82276570419445,258.342515756945,5170.0211126125
"282","Kummeli  15",10045,4152,2019,10,9,282,"WED",6410.48,11293,24.9,1036,66.8185,45.022,59.6875,43.1025,36.422,5.25116546189167,2.36680385800833,213.41836335,1445.77917774017
"278","Kummeli  15",10045,4056,2019,10,5,278,"SAT",6308.35,11197,25.4,1042,67.605,46.07875,59.9595833333333,46.5958333333333,39.2691666666667,1.31891846591667,2.24012232314931,281.016361333597,2161.1914073065
"306","Kummeli  15",10045,4778,2019,11,2,306,"SAT",6949.39,11870,29.5,1062,67.3354166666667,44.1729166666667,59.0258333333333,45.1420833333333,37.5054166666667,3.51801071560764,2.88244518290625,185.474251886806,819.716505151333
"48","Kummeli  15",10045,7254,2019,2,17,48,"SUN",1703.56,5678,30.1,1005,70.3954166666667,44.42625,59.72875,46.5804166666667,38.13125,1.1351045749375,4.81803145861458,293.014115542014,1941.6911972305
"344","Kummeli  15",10045,5737,2019,12,10,344,"TUE",7903.61,12782,27.7,1053,68.3166666666667,43.8841666666667,59.7733333333333,44.9633333333333,36.64,1.78483833737153,4.076526541125,165.772588894288,201.766076070917
"252","Kummeli  15",10045,3400,2019,9,9,252,"MON",5886.29,10573,4.9,538,65.3120833333333,56.7258333333333,59.90875,25.70375,38.2291666666667,19.7115020477431,2.9282475505625,149.498442215452,4260.85804299642
"188","Kummeli  15",10045,1854,2019,7,7,188,"SUN",4669.85,9037,4.6,733,61.5033333333333,56.33375,58.5208333333333,25.1345833333333,37.9429166666667,13.9657802723611,1.88196846070139,207.644126473569,5102.82209743675
"255","Kummeli  15",10045,3472,2019,9,12,255,"THU",5928.14,10645,5.2,576,64.7983333333333,56.63625,59.6766666666667,25.44625,38.5425,15.3036242510417,4.70988004142361,235.1971463875,2468.60131537275
"171","Kummeli  15",10045,1446,2019,6,20,171,"THU",4341.53,8629,4.7,733,61.1916666666667,56.4704166666667,58.40375,26.18625,37.9966666666667,24.0055689553125,2.27150187222222,158.471497834514,7355.834022109
"191","Kummeli  15",10045,1926,2019,7,10,191,"WED",4729.04,9109,21.4,1279,61.9445833333333,56.1158333333333,58.4691666666667,24.74125,37.7570833333333,13.6718527866667,3.10833498211806,128.880887622462,3140.85391508792
"193","Kummeli  15",10045,1974,2019,7,12,193,"FRI",4768.87,9157,4.9,801,61.8125,56.3541666666667,58.6025,24.7695833333333,37.97,12.619298485566,2.217327219625,168.377749779757,5980.95143308408
"182","Kummeli  15",10045,1710,2019,7,1,182,"MON",4557.38,8893,5.3,745,62.0533333333333,56.2075,58.54375,26.2045833333333,38.0375,19.8534804526042,6.25098624004514,258.751591844792,8088.1084377235
"145","Kummeli  15",10045,822,2019,5,25,145,"SAT",3732.91,8005,12.1,631,65.6195833333333,50.6120833333333,59.4,34.0895833333333,31.95,12.3006722929861,3.98226255784722,244.828829138889,3348.66473201025
"224","Kummeli  15",10045,2728,2019,8,12,224,"MON",5406.47,9901,5.2,723,62.5191666666667,55.9820833333333,58.675,25.4304166666667,38.26625,17.9823152304861,2.80707255557639,206.895351442194,4501.20836982483
"279","Kummeli  15",10045,4080,2019,10,6,279,"SUN",6333.21,11221,27.3,1072,67.405,45.6666666666667,59.38,47.04,39.345,0.937876369350695,1.45421157263194,271.745196223635,1273.18596855717
"230","Kummeli  15",10045,2872,2019,8,18,230,"SUN",5522.38,10045,5.1,817,62.3658333333333,56.5454166666667,58.9270833333333,25.3375,38.3733333333333,18.1699268880555,2.26169722337847,143.156316828889,5994.923525876
"350","Kummeli  15",10045,5904,2019,12,16,350,"MON",8064.56,12926,28.4,1074,68.3658333333333,43.9445833333333,59.2354166666667,45.1795833333333,37.1125,2.60459378795486,4.33971780412847,240.849852874653,209.91375046475
"267","Kummeli  15",10045,3792,2019,9,24,267,"TUE",6133.29,10933,24.1,738,70.9191666666667,44.5354166666667,60.1,40.4879166666667,35.0379166666667,7.00999779067361,2.06125300337847,276.020249299653,2497.441524563
"321","Kummeli  15",10045,5162,2019,11,17,321,"SUN",7293.32,12230,23.9,903,66.7120833333333,44.39375,59.4091666666667,41.4508333333333,35.0554166666667,7.10470961157639,2.32681617971875,194.115710580903,266.511133705083
"179","Kummeli  15",10045,1638,2019,6,28,179,"FRI",4499.87,8821,4.9,725,62.1591666666667,56.4283333333333,58.8316666666667,25.99,38.07875,15.4950750572917,4.87463820834375,257.744926510899,7766.994728607
"223","Kummeli  15",10045,2704,2019,8,11,223,"SUN",5385.89,9877,4.7,941,62.29125,56.3633333333333,58.7491666666667,25.23375,38.365,17.0913701144792,2.66067762220833,198.064479071042,2717.75666493842
"54","Kummeli  15",10045,7398,2019,2,23,54,"SAT",1861.2,5822,39.4,1121,73.6616666666667,43.7566666666667,60.5583333333333,47.5929166666667,37.9966666666667,-1.98676169312153,6.22715954728125,272.080006551042,509.966025925167
"106","Kummeli  15",10045,8645,2019,4,16,106,"TUE",3062.08,7069,23.6,847,69.0108333333333,46.1304166666667,60.0541666666667,38.3666666666667,33.0920833333333,8.01613140597569,3.15375859054861,43.3741159321701,5939.57934184458
"58","Kummeli  15",10045,7494,2019,2,27,58,"WED",1954.25,5918,28.8,746,75.89125,42.2,60.2066666666667,46.74125,37.7141666666667,0.336687246486111,3.60904990688542,263.144663810764,944.034153475001
"93","Kummeli  15",10045,8333,2019,4,3,93,"WED",2789.44,6757,26.1,858,69.06,45.7195833333333,60.0620833333333,37.8458333333333,32.4529166666667,6.48683725541667,2.46065128575,163.553285088889,5036.88261792083
"12","Kummeli  15",10045,6390,2019,1,12,12,"SAT",720.02,4814,24.9,804,70.655,43.8679166666667,58.2220833333333,48.5033333333333,38.5375,-2.12819410227083,4.3677935324375,276.472219032639,612.400604498833
"313","Kummeli  15",10045,4946,2019,11,9,313,"SAT",7113.44,12038,27.9,1055,68.0016666666667,43.5541666666667,59.54125,42.3308333333333,35.2620833333333,5.60071852487847,2.90574531858681,122.94354194191,259.879818795167
"152","Kummeli  15",10045,990,2019,6,1,152,"SAT",3846.54,8173,21,943,65.80625,50.265,59.8391666666667,34.1933333333333,31.4120833333333,13.7190062141042,3.14273374213542,246.535037075347,7422.78427127583
"206","Kummeli  15",10045,2296,2019,7,25,206,"THU",5026.12,9469,4.6,689,60.9379166666667,56.0275,58.0045833333333,25.9341666666667,37.8833333333333,20.0562879404861,3.19196244136111,114.581380546771,6031.54357593517
"198","Kummeli  15",10045,2104,2019,7,17,198,"WED",4870,9277,4.9,755,62.2620833333333,56.25,58.7045833333333,25.0891666666667,37.7229166666667,16.8295213747917,3.00357472720486,72.4986660581771,6710.90489591458
"345","Kummeli  15",10045,5761,2019,12,11,345,"WED",7930.44,12806,34.2,1173,71.1845833333333,44.4395833333333,59.78125,49.4245833333333,39.6658333333333,-2.94518746238542,3.19542001227083,205.085842880243,408.05547112575
"231","Kummeli  15",10045,2896,2019,8,19,231,"MON",5541.92,10069,4.8,740,62.26625,56.7729166666667,59.0325,25.6554166666667,38.2120833333333,18.4783183870139,3.33824430407986,217.195281492014,3218.18488096708
"96","Kummeli  15",10045,8405,2019,4,6,96,"SAT",2847.07,6829,24.9,834,68.42375,47.13875,60.085,37.2666666666667,32.5333333333333,8.03717889403472,3.76497255344792,112.574689740382,5174.29721349633
"219","Kummeli  15",10045,2576,2019,8,7,219,"WED",5304.2,9781,5.2,843,62.2586956521739,56.5465217391304,58.914347826087,25.1160869565217,38.5869565217391,16.6881616256522,1.9906360874529,231.348679131413,3315.22713090667
"36","Kummeli  15",10045,6966,2019,2,5,36,"TUE",1388.38,5390,13.5,566,71.49875,44.8279166666667,59.5870833333333,47.24875,37.7916666666667,-2.08930027976389,5.08289989603125,222.0982528,738.867216301
"78","Kummeli  15",10045,7974,2019,3,19,78,"TUE",2449.22,6398,30,1056,70.5475,43.4266666666667,59.4225,44.6175,36.5875,2.54411537104861,4.38301637611111,240.314944438542,1820.54897276667
"236","Kummeli  15",10045,3016,2019,8,24,236,"SAT",5640.22,10189,4.7,881,62.4891666666667,56.9675,59.25875,25.5008333333333,38.59875,18.6263913664236,3.90991960217708,290.594155172049,4651.8615886355
"302","Kummeli  15",10045,4657,2019,10,29,302,"TUE",6845.56,11774,23.6,978,68.765,45.8479166666667,59.5345833333333,48.2704166666667,40.4116666666667,0.125979017600694,2.82388645989583,290.779689796135,1098.76459968625
"195","Kummeli  15",10045,2022,2019,7,14,195,"SUN",4810.29,9205,4.8,851,62.2030434782609,55.9817391304348,58.4613043478261,24.5560869565217,37.7147826086956,14.4588555294203,1.72445012617391,132.278852624265,4250.64413731167
"331","Kummeli  15",10045,5402,2019,11,27,331,"WED",7562,12470,34.3,1117,70.6858333333333,43.2895833333333,59.6645833333333,45.5570833333333,36.8720833333333,-0.551472264927083,1.53125267615278,180.654305317361,210.117152654083
"319","Kummeli  15",10045,5114,2019,11,15,319,"FRI",7246.79,12182,24.1,911,67.29125,44.6991666666667,59.7525,43.73125,36.6691666666667,4.51770661971875,2.75858076045139,111.875657428406,500.88823835675
"102","Kummeli  15",10045,8549,2019,4,12,102,"FRI",2969.72,6973,37.9,1187,70.16375,43.4904166666667,59.8483333333333,41.2841666666667,34.2879166666667,0.582325589791666,2.66669044439236,41.8988419662326,2790.69333028933
"125","Kummeli  15",10045,342,2019,5,5,125,"SUN",3387.38,7525,20.5,751,68.0104166666667,44.53375,59.3370833333333,37.49625,32.34125,3.57827880451042,1.8461136038125,233.747044180903,2024.780190941
"75","Kummeli  15",10045,7902,2019,3,16,75,"SAT",2379.45,6326,28,939,70.5375,43.5533333333333,59.2375,43.935,36.3429166666667,2.37452582230556,3.17487837377431,135.486793620486,787.109409348833
"103","Kummeli  15",10045,8573,2019,4,13,103,"SAT",2991.84,6997,32.8,1096,70.65875,44.38875,60.1883333333333,45.3925,37.1804166666667,2.00645838140972,3.2864446339375,41.3199699617708,3243.68096945183
"13","Kummeli  15",10045,6414,2019,1,13,13,"SUN",748.78,4838,20.2,714,71.11875,45.3541666666667,60.0125,49.06,39.20875,-2.16424740977083,2.65921168807986,211.343651162847,210.01805071275
"315","Kummeli  15",10045,4994,2019,11,11,315,"MON",7157.33,12086,26.2,976,67.625,43.7675,59.3845833333333,43.72625,36.3758333333333,4.07483921990625,2.92922339305556,280.779951993056,297.77945796425
"127","Kummeli  15",10045,390,2019,5,7,127,"TUE",3426.18,7573,21.4,804,68.4145833333333,46.1004166666667,59.9416666666667,39.4033333333333,34.2708333333333,7.26171743643056,2.9832473805,224.651443485125,3875.76821101533
"120","Kummeli  15",10045,222,2019,4,30,120,"TUE",3300.51,7405,17.3,731,67.3277272727273,48.5095454545455,59.8045454545455,36.8336363636364,33.1431818181818,8.88760184721212,2.60791529769697,89.4893485481818,4669.6316852975
"79","Kummeli  15",10045,7998,2019,3,20,79,"WED",2472.73,6422,30,1001,70.4941666666667,43.9320833333333,59.8991666666667,45.0891666666667,36.8054166666667,1.56651055141667,5.24085217459028,267.116704763194,2212.73067774633
"91","Kummeli  15",10045,8285,2019,4,1,91,"MON",2746.85,6709,28.2,1104,69.2120833333333,44.6729166666667,59.8054166666667,41.42,34.8570833333333,3.23963522125,4.24224642374305,294.268529512847,4503.3054309955
"194","Kummeli  15",10045,1998,2019,7,13,194,"SAT",4789.88,9181,4.9,859,61.6925,56.6595833333333,58.70875,24.6458333333333,38.1191666666667,13.8438309111632,2.27633877062847,246.774830286125,4890.5293234085
"173","Kummeli  15",10045,1494,2019,6,22,173,"SAT",4388.29,8677,5,1396,61.4004166666667,56.2991666666667,58.4179166666667,26.58625,38.4420833333333,17.9659527141319,4.76250951566667,276.735860407986,7889.09229634325
"233","Kummeli  15",10045,2944,2019,8,21,233,"WED",5581.65,10117,4.7,743,62.9577272727273,56.8131818181818,59.3363636363636,25.7009090909091,38.4063636363636,15.1892520555303,1.57219222119697,214.901910627936,1005.62170569317
"70","Kummeli  15",10045,7782,2019,3,11,70,"MON",2255.73,6206,30,1016,70.7541666666667,43.84125,59.6445833333333,46.2304166666667,37.5570833333333,-3.22135488763194,3.9613184604375,269.362665844792,2445.7817741
"262","Kummeli  15",10045,3640,2019,9,19,262,"THU",6041.55,10813,23,774,68.2779166666667,44.8620833333333,59.9554166666667,40.75,35.1175,6.49334511363889,1.98605280690972,240.07799902467,3263.08115990467
"176","Kummeli  15",10045,1566,2019,6,25,176,"TUE",4447.71,8749,5.2,665,63.1558333333333,56.36875,59.1741666666667,26.5920833333333,38.4554166666667,18.2773297381944,2.21594367238542,261.841785238649,7006.1141383785
"250","Kummeli  15",10045,3352,2019,9,7,250,"SAT",5856.84,10525,6.1,573,64.36375,56.0129166666667,59.2608333333333,25.5454166666667,38.4645833333333,14.5146578624306,2.69500313209028,206.653969835069,4480.86286687383
"151","Kummeli  15",10045,966,2019,5,31,151,"FRI",3830.34,8149,12.5,693,65.8520833333333,50.5441666666667,59.985,32.8620833333333,30.3308333333333,11.8059212262257,4.30028893644444,242.200817899306,2745.29970785925
"174","Kummeli  15",10045,1518,2019,6,23,174,"SUN",4410.8,8701,4.5,690,62.14,55.95375,58.4895833333333,26.5458333333333,38.6241666666667,17.3626422101042,2.7801984700625,272.120215864583,8550.83157825391
"119","Kummeli  15",10045,198,2019,4,29,119,"MON",3283.82,7381,15,682,67.93625,48.4520833333333,60.0225,37.6891666666667,33.8083333333333,8.07577827970138,2.94100067586111,71.6812543131944,6706.14642151208
"124","Kummeli  15",10045,318,2019,5,4,124,"SAT",3368.69,7501,22.9,841,68.7575,45.6520833333333,59.77875,40.7545833333333,35.1895833333333,3.80926655423611,3.76631878674305,214.927657718403,4439.60085706683
"21","Kummeli  15",10045,6606,2019,1,21,21,"MON",973.87,5030,29.3,804,81.1670833333333,46.14875,60.36375,56.0645833333333,42.7979166666667,-11.3488034569826,2.85647729896875,284.527050169097,1153.88889510108
"31","Kummeli  15",10045,6846,2019,1,31,31,"THU",1249.36,5270,30.2,860,77.3875,45.6729166666667,59.93,53.9058333333333,41.8208333333333,-6.69944939297917,2.10566457391319,143.317978096021,1053.30829054083
"243","Kummeli  15",10045,3184,2019,8,31,243,"SAT",5755.2,10357,4.9,746,64.73625,56.2133333333333,59.5120833333333,26.0716666666667,38.6254166666667,17.6362105184028,1.88187219363542,265.350972765288,4781.02612176108
"226","Kummeli  15",10045,2776,2019,8,14,226,"WED",5445.52,9949,5.3,746,63.2175,56.8379166666667,59.4054166666667,25.3525,38.3054166666667,16.2220327173611,3.46538221532639,245.411776739931,3583.51740869758
"168","Kummeli  15",10045,1374,2019,6,17,168,"MON",4259.9,8557,10.9,1523,59.6117391304348,56.3004347826087,57.6752173913044,25.8447826086957,37.9934782608696,19.8413346168841,2.67052308421739,278.93233986238,5447.76432707017
"295","Kummeli  15",10045,4505,2019,10,22,295,"TUE",6703.85,11621,18.3,928,65.215,46.3925,58.20375,38.98,34.14,11.6118569490625,6.30075478016667,268.6311523875,27.1755419996667
"1","Kummeli  15",10045,2044,2019,1,1,1,"TUE",392.47,4550,20,684,70.1866666666667,44.4475,60.0529166666667,44.1979166666667,36.2145833333333,1.03596722917014,6.08033103577083,220.424909397917,221.108057283167
"265","Kummeli  15",10045,3744,2019,9,22,265,"SUN",6096.91,10885,18.4,634,67.725,44.9533333333333,59.1591666666667,39.3695833333333,34.29875,7.43130535365625,3.57163460650347,249.808365146333,3347.42459099067
"74","Kummeli  15",10045,7878,2019,3,15,74,"FRI",2357.34,6302,43.4,1383,70.3204166666667,43.4141666666667,59.1254166666667,42.7166666666667,35.4254166666667,3.87105847390625,3.85086086364236,183.860795036458,2171.4235785705
"333","Kummeli  15",10045,5473,2019,11,29,333,"FRI",7610.4,12518,27.8,898,68.69375,43.0604166666667,59.5329166666667,41.8945833333333,34.5695833333333,2.75717985999653,4.35253018823264,205.39184699375,132.419660895417
"130","Kummeli  15",10045,462,2019,5,10,130,"FRI",3479.75,7645,15.6,731,67.2320833333333,46.67,59.3945833333333,36.5125,32.57875,9.93082214359028,2.7930495360625,142.352899090069,1387.34334821717
"144","Kummeli  15",10045,798,2019,5,24,144,"FRI",3717.95,7981,9.7,663,65.22375,53.32125,59.7216666666667,30.68125,29.4225,12.0556936094514,2.46474166980556,108.639873471868,1225.27082868667
"320","Kummeli  15",10045,5138,2019,11,16,320,"SAT",7271,12206,23.3,939,67.0679166666667,44.3616666666667,59.4904166666667,42.1104166666667,35.5129166666667,3.98281432380208,2.93666548953472,114.564658096701,228.708383182917
"40","Kummeli  15",10045,7062,2019,2,9,40,"SAT",1497.85,5486,13.3,591,70.1941666666667,45.1191666666667,60.56875,43.4495833333333,35.6466666666667,2.58531416462847,5.54869914813542,211.120008847569,703.2482640045
"175","Kummeli  15",10045,1542,2019,6,24,175,"MON",4429.74,8725,4.5,691,62.5825,56.3620833333333,58.9525,26.6266666666667,38.4175,17.9887606781944,2.7311430155625,261.113049362323,6935.12997611792
"248","Kummeli  15",10045,3304,2019,9,5,248,"THU",5829.47,10477,4.8,507,65.0108333333333,56.2979166666667,59.58875,25.655,38.4466666666667,17.0493560616319,3.6204307815868,207.258085227431,4569.66141693808
"271","Kummeli  15",10045,3888,2019,9,28,271,"SAT",6197.83,11029,19.9,654,70.845,44.5983333333333,59.3575,39.06,34.2175,9.08764957703819,2.96607841009722,119.78180891309,2800.88464972975
"32","Kummeli  15",10045,6870,2019,2,1,32,"FRI",1278.08,5294,26.6,680,73.6258333333333,44.7733333333333,59.5833333333333,49.8079166666667,39.5175,-2.36243895502083,4.48455693722917,89.0653692745833,325.926130072583
"234","Kummeli  15",10045,2968,2019,8,22,234,"THU",5600.25,10141,4.9,733,62.5433333333333,56.8558333333333,59.1141666666667,25.50375,38.4158333333333,15.3617284064236,3.55170625242708,261.114950170139,5295.64442857883
"46","Kummeli  15",10045,7206,2019,2,15,46,"FRI",1652.98,5630,19.6,673,70.5266666666667,44.5845833333333,59.44375,45.3775,37.1020833333333,2.25915805635069,6.16512098216319,275.141676517708,1333.69659663308
"150","Kummeli  15",10045,942,2019,5,30,150,"THU",3813.89,8125,18.4,820,65.8175,50.6216666666667,59.4945833333333,32.4483333333333,30.185,12.0841492732292,2.08778468226042,264.412831391351,8360.57745762467
"62","Kummeli  15",10045,7590,2019,3,3,62,"SUN",2053.17,6014,34.1,1089,71.0358333333333,43.1875,58.56625,46.7620833333333,37.6608333333333,-1.16599310580208,4.05271016323611,207.597048222288,1985.05037985867
"222","Kummeli  15",10045,2680,2019,8,10,222,"SAT",5365.13,9853,4.8,783,62.0741666666667,56.79125,58.9604166666667,25.00375,38.3204166666667,17.1402768104167,1.41610908915972,186.802310400087,5324.86733715258
"135","Kummeli  15",10045,582,2019,5,15,135,"WED",3566.6,7765,19.9,771,67.02625,48.4825,59.6829166666667,34.7933333333333,31.3808333333333,10.3986742149306,3.32230369007986,44.5850741207639,7672.44633715425
"258","Kummeli  15",10045,3544,2019,9,15,258,"SUN",5970.77,10717,5.3,613,64.5770833333333,56.1166666666667,59.4045833333333,23.86625,37.55625,9.9932424114375,5.32147938919444,238.700237610417,696.128569947417
"157","Kummeli  15",10045,1110,2019,6,6,157,"THU",3929.42,8293,4.8,1212,61.8141666666667,56.67375,58.69,25.2408333333333,37.49375,24.399228120625,2.63546347355903,120.925696390799,7241.67324245958
"18","Kummeli  15",10045,6534,2019,1,18,18,"FRI",889.18,4958,23.1,912,72.0645833333333,44.22875,59.0483333333333,47.4683333333333,37.5829166666667,-5.12326548435417,3.96530557764583,272.723549306597,506.126229910916
"330","Kummeli  15",10045,5378,2019,11,26,330,"TUE",7534.52,12446,33.1,1088,70.0095833333333,43.7475,59.8529166666667,47.0291666666667,37.8195833333333,-3.0680484515243,2.47526411969097,219.748194484722,175.425694638
"55","Kummeli  15",10045,7422,2019,2,24,55,"SUN",1886.49,5846,32.7,978,71.1833333333333,43.5175,60.0704166666667,44.6520833333333,36.3004166666667,0.89893549246875,5.82662682825694,276.65776623993,638.233903173333
"49","Kummeli  15",10045,7278,2019,2,18,49,"MON",1729.57,5702,35.4,1205,71.4,44.6629166666667,59.8733333333333,47.5320833333333,38.6533333333333,-0.499809332999999,2.68264675480903,228.026633605761,1754.810240085
"24","Kummeli  15",10045,6678,2019,1,24,24,"THU",1059.06,5102,26.2,811,75.16875,45.7870833333333,59.4741666666667,54.0529166666667,41.8466666666667,-7.65886666260417,2.80888093392361,148.107295698122,623.055157329499
"352","Kummeli  15",10045,5952,2019,12,18,352,"WED",8115.72,12974,28.1,1081,65.00125,49.08,58.7975,30.6670833333333,27.43875,5.20176897317361,7.16970577611459,226.518191048958,199.725522686417
"33","Kummeli  15",10045,6894,2019,2,2,33,"SAT",1305.45,5318,13.2,568,71.0291666666667,45.8229166666667,60.2475,46.6854166666667,37.7091666666667,-0.323266365059028,4.83742564897569,103.996166787465,283.405350889417
"107","Kummeli  15",10045,8669,2019,4,17,107,"WED",3081.52,7093,23.2,772,68.4758333333333,46.1583333333333,59.72875,37.0920833333333,32.3483333333333,9.17210226655208,2.41787507409722,72.7750918296562,6099.13009650642
"185","Kummeli  15",10045,1782,2019,7,4,185,"THU",4613.18,8965,4.6,711,61.9875,56.20875,58.5833333333333,25.8045833333333,38.0708333333333,13.4422350638889,4.0469356316875,273.286627432639,6932.58870997967
"359","Kummeli  15",10045,6120,2019,12,25,359,"WED",8349.12,13142,25.7,1476,63.6091666666667,47.3766666666667,59.55625,44.3933333333333,37.1341666666667,2.79286214772222,1.87830853360417,300.011278076899,261.993623877
"143","Kummeli  15",10045,774,2019,5,23,143,"THU",3701.37,7957,6.2,763,63.7516666666667,53.7316666666667,58.9254166666667,29.2391666666667,28.355,16.3872789794444,3.34668886606597,120.659360920174,6343.50561284733
"35","Kummeli  15",10045,6942,2019,2,4,35,"MON",1361.48,5366,15.9,748,71.51875,44.95875,59.6383333333333,46.8745833333333,37.655,-2.24368843342014,3.55048346347569,283.667136881597,364.418149592833
"11","Kummeli  15",10045,6366,2019,1,11,11,"FRI",688.42,4790,26.1,816,71.2270833333333,45.1908333333333,59.8516666666667,50.3429166666667,39.69625,-3.61213891562153,5.24584342857292,244.149509594097,239.33949019525
"347","Kummeli  15",10045,5832,2019,12,13,347,"FRI",7985.57,12854,30.8,1059,69.9354166666667,43.91375,60.1783333333333,45.8595833333333,37.3358333333333,1.11155914813194,3.20070404507292,155.53817497125,132.210987161917
"162","Kummeli  15",10045,1230,2019,6,11,162,"TUE",4067.34,8413,4.6,1216,59.6833333333333,56.2941666666667,57.7320833333333,25.9245833333333,37.25875,17.1312514451736,2.92062060273611,97.8721468937882,1926.99878555833
"274","Kummeli  15",10045,3960,2019,10,1,274,"TUE",6238.78,11101,14.9,575,68.99,44.3191666666667,58.8916666666667,38.2033333333333,33.7995833333333,9.83985022067013,5.79101148725694,255.580004145833,2768.23204405142
"205","Kummeli  15",10045,2272,2019,7,24,205,"WED",5005.52,9445,4.6,664,62.0391304347826,56.5995652173913,58.8460869565217,25.8630434782609,37.9817391304348,21.9718961766667,2.5194739515,236.234769410967,6744.87089403183
"322","Kummeli  15",10045,5186,2019,11,18,322,"MON",7316.18,12254,24.6,969,66.4075,44.6391666666667,59.6441666666667,40.7291666666667,34.5858333333333,6.46841799720139,3.27493935477431,107.388870383854,118.141640428
"280","Kummeli  15",10045,4104,2019,10,7,280,"MON",6359.49,11245,26.7,1048,67.855,45.1104166666667,60.1508333333333,45.4420833333333,37.9920833333333,2.14318264559028,1.77781194180208,269.781580034722,1328.97337140083
"41","Kummeli  15",10045,7086,2019,2,10,41,"SUN",1523.1,5510,7.8,516,70.1983333333333,45.3025,59.75375,44.7966666666667,36.5483333333333,2.62964990524653,5.60622409162847,213.533722658333,392.195142519917
"139","Kummeli  15",10045,678,2019,5,19,139,"SUN",3634.25,7861,10.7,689,63.8245833333333,52.2541666666667,58.8158333333333,29.7766666666667,28.4245833333333,19.0682162810069,3.54039210100694,111.748653817917,7090.12779523833
"305","Kummeli  15",10045,4754,2019,11,1,305,"FRI",6924.39,11846,28.8,1090,68.2266666666667,44.2633333333333,58.8908333333333,46.49625,38.4158333333333,2.62203383876389,3.3940993287743,262.266713382292,1262.38873926158
"25","Kummeli  15",10045,6702,2019,1,25,25,"FRI",1090.68,5126,37.4,778,85.4229166666667,46.5445833333333,60.5279166666667,57.6720833333333,43.74,-13.6245323724306,2.81111230792014,132.469238226771,589.138826843334
"212","Kummeli  15",10045,2595,2019,7,31,212,"WED",5164,9613,4.9,690,62.3766666666667,56.7329166666667,59.0425,25.8191666666667,38.74125,11.5092315044757,2.96165318646528,194.044109287507,1935.97195839375
"166","Kummeli  15",10045,1326,2019,6,15,166,"SAT",4194.22,8509,4.3,1478,59.395,56.3820833333333,57.6358333333333,25.8075,38.3695833333333,17.2485354642014,3.51949385545486,279.926013270809,5849.58167279858
"73","Kummeli  15",10045,7854,2019,3,14,73,"THU",2333.49,6278,27.9,838,69.8116666666667,43.445,59.15125,44.1508333333333,36.35875,2.03610639896181,3.00671461818403,146.002181071875,1731.68455467383
"360","Kummeli  15",10045,6171,2019,12,26,360,"THU",8383.49,13166,26.3,1416,63.9916666666667,47.2358333333333,59.6625,44.2208333333333,36.72,0.231252420010417,1.94141543811806,302.519245169337,292.263177099833
"215","Kummeli  15",10045,2480,2019,8,3,215,"SAT",5223.66,9685,7.9,932,62.125652173913,56.7808695652174,58.9513043478261,25.2286956521739,38.5291304347826,12.3538014315036,2.88377678389855,141.42491989121,4157.41421201492
"242","Kummeli  15",10045,3160,2019,8,30,242,"FRI",5740.36,10333,5.7,757,64.6345833333333,56.0958333333333,59.3070833333333,26.1708333333333,38.5420833333333,18.8981551905208,2.03362550581597,222.152335397569,1697.77825835575
"83","Kummeli  15",10045,8094,2019,3,24,83,"SUN",2567.15,6518,29.3,928,69.7658333333333,43.82875,59.2566666666667,42.6170833333333,35.5941666666667,3.68206696804167,6.23153565419444,277.638808142014,4055.63105187383
"84","Kummeli  15",10045,8118,2019,3,25,84,"MON",2589.98,6542,34.3,1210,70.2620833333333,44.48875,59.9495833333333,45.5875,37.5175,1.576364211375,3.73700757863889,273.492070503125,2414.82567179117
"8","Kummeli  15",10045,6130,2019,1,8,8,"TUE",600.9,4718,24.3,723,71.3270833333333,44.0054166666667,60.0725,47.35,37.7625,-2.86130728098611,2.80253660156597,199.165036265972,292.506541687583
"23","Kummeli  15",10045,6654,2019,1,23,23,"WED",1030.26,5078,37.5,731,78.5483333333333,45.5554166666667,59.72125,54.5604166666667,42.0825,-8.3297731565382,2.72589132230556,199.813735739931,383.547931044333
"261","Kummeli  15",10045,3616,2019,9,18,261,"WED",6021.96,10789,23.8,907,68.18875,44.9554166666667,60.08375,40.97875,35.2070833333333,6.61499883975,2.20470062336458,233.184203209038,2227.09086006608
"297","Kummeli  15",10045,4537,2019,10,24,297,"THU",6731.84,11653,19.3,967,65.0883333333333,46.4325,59.2979166666667,39.5029166666667,34.5054166666667,9.37927864303472,2.81051740195833,235.017839903472,675.269785252083
"281","Kummeli  15",10045,4128,2019,10,8,281,"TUE",6383.82,11269,28.6,1248,67.1633333333333,45.82875,59.975,46.1033333333333,38.4258333333333,2.77622846939236,2.82011003311458,226.222222070139,1166.21437080242
"160","Kummeli  15",10045,1182,2019,6,9,160,"SUN",4008.83,8365,4.4,1415,59.38375,55.33,57.065,25.8945833333333,37.5391666666667,19.2307438191319,3.70965282722222,268.215436112257,5100.56190021867
"116","Kummeli  15",10045,126,2019,4,26,116,"FRI",3234.99,7309,10.7,770,64.9970833333333,50.8845833333333,58.9145833333333,31.0216666666667,29.0341666666667,18.4639282482292,2.13998462984375,142.590712064,4834.06976580075
"199","Kummeli  15",10045,2128,2019,7,18,199,"THU",4889.17,9301,4.8,721,62.4041666666667,56.3245833333333,58.85625,25.2254166666667,37.8170833333333,17.8383197400347,3.91737066957986,157.998581224313,5974.46760135775
"39","Kummeli  15",10045,7038,2019,2,8,39,"FRI",1471.92,5462,13.4,577,71.5591666666667,45.2208333333333,60.1345833333333,45.65875,36.9575,0.738954152260416,4.38395983094445,203.574431517014,650.902779134083
"122","Kummeli  15",10045,270,2019,5,2,122,"THU",3331.42,7453,11,575,68.1466666666667,47.2658333333333,59.4845833333333,38.62625,34.43,6.88388508970833,4.47290797255556,245.071306887847,1264.21495940133
"164","Kummeli  15",10045,1278,2019,6,13,164,"THU",4128.93,8461,3.9,1477,59.2829166666667,55.9208333333333,57.38125,25.71125,37.5695833333333,17.7313134301736,4.87876323760417,129.668094461969,4839.90441461925
"113","Kummeli  15",10045,54,2019,4,23,113,"TUE",3188.36,7237,19.6,783,66.8504166666667,49.2383333333333,59.74,33.9425,30.90875,15.3679495663993,1.73254947584375,227.505727963246,5910.93326285958
"27","Kummeli  15",10045,6750,2019,1,27,27,"SUN",1142.14,5174,30.9,720,81.8777272727273,45.8790909090909,60.1909090909091,55.3704545454545,42.6004545454545,-10.8031223512083,1.68576556532954,175.926148473201,786.312793870833
"4","Kummeli  15",10045,4678,2019,1,4,4,"FRI",475.5,4622,19.7,682,72.4908333333333,45.2283333333333,59.0258333333333,51.1408333333333,40.3195833333333,-5.29566628990278,2.83345746936458,205.052843692434,278.26160563325
"200","Kummeli  15",10045,2152,2019,7,19,200,"FRI",4908.39,9325,4.7,761,62.3583333333333,56.7825,59.0425,25.3525,37.7879166666667,16.4007978128472,2.78695872036111,267.537462710635,2490.90555332258
"161","Kummeli  15",10045,1206,2019,6,10,161,"MON",4039.48,8389,4.6,1471,60.7483333333333,56.5425,58.3016666666667,26.0408333333333,38.0033333333333,17.3746491429167,3.29556169918055,269.546641166135,7673.92433409408
"241","Kummeli  15",10045,3136,2019,8,29,241,"THU",5723.91,10309,5,907,63.7445833333333,56.3983333333333,59.3116666666667,26.0529166666667,38.24625,19.2414227714583,2.67396109598264,144.611237759722,4696.344297948
"268","Kummeli  15",10045,3816,2019,9,25,268,"WED",6149.37,10957,19.9,620,70.7370833333333,43.3183333333333,59.04125,39.9433333333333,34.48625,7.52000750510764,2.76634240465972,237.907908096528,2359.47726991825
"47","Kummeli  15",10045,7230,2019,2,16,47,"SAT",1678.21,5654,12.6,569,69.6979166666667,45.0129166666667,59.7366666666667,44.1383333333333,36.48125,4.26268188590278,5.42394914386458,267.004269618403,1855.03341872342
"61","Kummeli  15",10045,7566,2019,3,2,61,"SAT",2026.92,5990,41.5,1269,73.0466666666667,44.265,59.8666666666667,49.3070833333333,39.2920833333333,-2.80070800551736,5.06049755171875,260.849626675,1238.67498367367
"196","Kummeli  15",10045,2056,2019,7,15,196,"MON",4830.44,9229,5.2,842,61.87875,56.0841666666667,58.4920833333333,24.685,37.86125,16.2602026445486,1.49316334606944,172.480852024375,7287.00424086642
"254","Kummeli  15",10045,3448,2019,9,11,254,"WED",5913.43,10621,4.5,808,64.30875,56.215,59.3179166666667,25.8025,38.1575,17.6902857582639,4.54224177690625,212.029459396528,3442.27951807733
"98","Kummeli  15",10045,8453,2019,4,8,98,"MON",2887,6877,19.9,746,68.54375,44.32,59.4120833333333,38.1641666666667,32.785,4.39454994007986,3.63931221118056,250.416105157986,1775.00898362283
"218","Kummeli  15",10045,2552,2019,8,6,218,"TUE",5283.84,9757,4.7,783,62.2679166666667,56.3054166666667,58.705,24.8825,38.4133333333333,15.1936064943403,3.05530243116319,237.564604840833,3863.72613983992
"181","Kummeli  15",10045,1686,2019,6,30,181,"SUN",4537.77,8869,4.5,825,61.89625,56.6625,58.7704166666667,25.9020833333333,38.1725,19.3337471759722,3.44110138873264,263.399064704861,6640.62461183333
"213","Kummeli  15",10045,2432,2019,8,1,213,"THU",5183.75,9637,4.6,811,61.875,56.4933333333333,58.7220833333333,25.56375,38.8291666666667,15.0587854367014,1.84038355465278,213.663490391278,5317.2045539575
"259","Kummeli  15",10045,3568,2019,9,16,259,"MON",5985.94,10741,6.2,648,64.8983333333333,54.8495833333333,59.13125,26.3533333333333,37.0425,10.4941071346076,5.61093704908681,272.487837582639,2368.92207124558
"335","Kummeli  15",10045,5521,2019,12,1,335,"SUN",7658.86,12566,36.2,1172,71.3425,43.51625,59.7,46.5679166666667,37.5358333333333,-1.52824561567708,4.11337545300694,254.674620405903,608.983356533083
"251","Kummeli  15",10045,3376,2019,9,8,251,"SUN",5871.4,10549,4.9,577,64.35375,55.8525,59.1425,25.4804166666667,38.3416666666667,15.5897686760312,3.90980299181597,114.589965135312,2939.92128827608
